size;num_candidates;num_voters;election_model;params;color;alpha;label;marker;show
1;8;50;impartial_culture;{};black;1;IC;o;t
1;8;50;1d_interval;{};DarkGreen;1;1D Int.;o;t
1;8;50;conitzer;{};limegreen;1;SP Con.;o;t
1;8;50;walsh;{};olivedrab;1;SP Wal.;o;t
1;8;50;urn_model;{'alpha':0.1};yellow;1;Urn-0.1;o;t
1;8;50;urn_model;{'alpha':0.5};orange;1;Urn-0.5;o;t
1;8;50;norm-mallows;{'norm-phi':0.33};blue;1;Mal-0.33;o;t
1;8;50;norm-mallows;{'norm-phi':0.67};cyan;1;Mal-0.67;o;t
1;8;50;real_identity;{};blue;1;real_ID;x;t