size;num_candidates;num_voters;culture_id;params;color;alpha;family_id;marker;path;label
10;6;50;ic;{};black;0.9;IC;o;{};IC
10;6;50;cities_survey;{'id': 1};black;0.9;cities;o;{};Cities
10;6;50;irish;{'id': 1};black;0.9;irish a;o;{};Irish
10;6;50;glasgow;{'id': 2};black;0.9;glasgow a;o;{};Glasgow
10;6;50;ers;{'id': 1};black;0.9;ers a;o;{};ERS
10;6;50;sushi;{'id': 1};black;0.9;sushi;o;{};Sushi
10;6;50;aspen;{'id': 1};black;0.9;aspen;o;{};Aspen
10;6;50;tshirt;{'id': 1};black;0.9;tshirt;o;{};T-Shirt
10;6;50;cycling_gdi;{'id': 2};black;0.9;cycling_gdi a;o;{};GDI
10;6;50;cycling_tdf;{'id': 1};black;0.9;cycling_tdf a;o;{};TDF
10;6;50;ice_races;{'id': 1};black;0.9;speed_skating a;o;{};Speed Sk.
10;6;50;skate;{'id': 1};black;0.9;fig_skating a;o;{};Fig. Sk.